RI,Na,Mg,Al,Si,K,Ca,Ba,Fe,Type
1.51761,12.81,3.54,1.23,73.24,0.58,8.39,0,0,'build wind float'
1.5161,13.42,3.4,1.22,72.69,0.59,8.32,0,0,'vehic wind float'
1.51592,12.86,3.52,2.12,72.66,0.69,7.97,0,0,'build wind non-float'
1.51613,13.92,3.52,1.25,72.88,0.37,7.94,0,0.14,'build wind non-float'
1.51689,12.67,2.88,1.71,73.21,0.73,8.54,0,0,'build wind non-float'
1.51852,14.09,2.19,1.66,72.67,0,9.32,0,0,tableware